,precision,precision,recall,recall,f1_score,f1_score,time_to_detect,time_to_detect,peak_stress_attack,peak_stress_attack,energy_loss_percent,energy_loss_percent,trial,trial
,mean,std,mean,std,mean,std,mean,std,mean,std,mean,std,mean,std
scenario,,,,,,,,,,,,,,
baseline,0.0,0.0,0.0,0.0,0.0,0.0,,,0.17535863980221472,0.08948218604638755,5.800332798069643e-06,9.703203538488647e-06,2.0,1.5811388300841898
cares,0.9999999999949999,0.0,0.9999999999949999,0.0,0.9999999994949998,0.0,0.0,0.0,120.0467665499327,0.016025697539873603,16.57206114197074,2.872508124483799e-06,2.0,1.5811388300841898
static_ids,0.9999999999949999,0.0,0.9999999999949999,0.0,0.9999999994949998,0.0,0.0,0.0,120.15766697476269,0.06709835918976759,16.57213102278156,7.355285452288174e-05,2.0,1.5811388300841898
